var,	var,	var,	var,	var,	pt2,	pt2,	pt2,	pt2,	pt2
0.005	,0.004,	0.003,	0.002,	0.001,	0.005,	0.004,	0.003,	0.002,	0.001
-90.57527813,	-90.5753529,	-90.57539768,	-90.57545409,	-90.57547251,	-90.57549499,	-90.57550176,	-90.57550648,	-90.57551157,	-90.5755134
-90.50833467,	-90.50839739,	-90.50846016,	-90.50852325,	-90.50854019,	-90.50859303,	-90.50860087,	-90.50860761,	-90.50861464,	-90.50861647
-90.50776432,	-90.50783352,	-90.50788453,	-90.50794259,	-90.50796321,	-90.50799659,	-90.50800453,	-90.50801019,	-90.50801747,	-90.50802001
-90.50703621,	-90.50710989,	-90.50717464,	-90.50723107,	-90.50724668,	-90.50728647,	-90.50729512,	-90.50730172,	-90.50730818,	-90.50730991
-90.50669443,	-90.50675853,	-90.50682212,	-90.50687305,	-90.50689519,	-90.50693422,	-90.50694233,	-90.5069489,	-90.50695396,	-90.50695676
